method,split,recon_at_last,recon_at_5,recon_varlen,perplexity,codebook_usage,mean_length,weighted_length,unique_codes_per_item
dvae,train,,0.4801267119605419,,8.821599073976213,0.014697265625,5,,0.3184334631945868
dvae,holdout,,0.47546616992211027,,8.39652904585667,0.008056640625,5,,0.512014787430684
dvae,cold,,0.4981169267134007,,6.3879811756740565,0.00205078125,5,,0.8181818181818182
varlen_dvae,train,,0.4801059614783069,0.4801179092945133,2.043261328307833,0.005859375,1.0,0.9999999999999998,0.004921058027475908
varlen_dvae,holdout,,0.47541806489832117,0.4754183310809806,2.1089843489165574,0.00390625,1.0,0.9999999999999981,0.029574861367837338
varlen_dvae,cold,,0.49788232283156475,0.49791310050268517,1.20310702625738,0.00048828125,1.0,0.9999999999999546,0.09090909090909091
rkmeans,train,,2.650159110338968e-06,,771.4494793969244,0.267236328125,5,,0.9926184129587862
rkmeans,holdout,,0.27771868444392594,,138.35630269279767,0.038720703125,5,,0.9981515711645101
rkmeans,cold,,0.3854612870649683,,9.822816306946319,0.002490234375,5,,1.0
